,title,author,published_date,published_date_precision,link,clean_url,excerpt,summary,rights,rank,topic,country,language,authors,media,is_opinion,twitter_account,_score,_id,used_params
0,Flying-Taxi Startup Joby Slumps After Test-Flight Accident,Thomas Black,2022-02-17 18:00:00,timezone unknown,https://news.yahoo.com/flying-taxi-startup-joby-slumps-150607730.html,yahoo.com,"(Bloomberg) -- Joby Aviation Inc., a startup vying to be among the first to fly a new class of electric air taxis, said one of its aircraft was involved in an accident, sending the shares…","(Bloomberg) -- Joby Aviation Inc., a startup vying to be among the first to fly a new class of electric air taxis, said one of its aircraft was involved in an accident, sending the shares tumbling.

Most Read from Bloomberg

The Feb. 16 incident involved a remotely piloted prototype at the company's test base in California, according to a regulatory filing. There were no injuries, the company said without detailing the specifics of the accident.

'Experimental flight test programs are intentionally designed to determine the limits of aircraft performance, and accidents are unfortunately a possibility,' Joby said.",yahoo.com,30,news,US,en,"['Thomas Black', 'Alan Levin']",https://s.yimg.com/ny/api/res/1.2/jwZOvA3dGKHuOgdGckiang--/YXBwaWQ9aGlnaGxhbmRlcjt3PTEyMDA7aD04MDA-/https://s.yimg.com/uu/api/res/1.2/3Ms8sRlgk5fgj7mOggbJeg--~B/aD0xMzMzO3c9MjAwMDthcHBpZD15dGFjaHlvbg--/https://media.zenfs.com/en/bloomberg_markets_842/c7be3c880ff5bee2a5475b1e28bcdc89,False,,30.995914,21b7263a9f672b39fa7d14ad8187b9a8,"{'q': 'Vertical Aerospace OR Joby Aviation', 'lang': 'en', 'to_rank': 1000, 'topic': '', 'page_size': 100, 'page': 1}"
1,Aiming for a 100-Bagger? This Stock Has the Potential,newsfeedback@fool.com (Taylor Carmichael),2022-02-20 12:45:00,full,https://www.fool.com/investing/2022/02/20/aiming-for-a-100-bagger-this-stock-has-the-potenti,fool.com,Here's why I think Joby Aviation might be a massive winner over the next decade or two.,"The market says Joby Aviation ( JOBY -5.74% ) is worth about $2.9 billion right now. To make a 100-bagger with this one, its market capitalization would have to reach $290 billion one day. Can this air-taxi pioneer pull it off? I'm very bullish on the company's future. But Joby is a high-risk stock. So my investment here is tiny (way under 1% of my family investment portfolio).
I'm bullish on this stock because I'm negative about self-driving cars. I don't think the collective intelligence at Alphabet or Tesla can sufficiently plan for all the variables of driving a car in the street.",Copyright 1995-2022 The Motley Fool. All rights reserved.,781,finance,US,en,['Taylor Carmichael'],https://g.foolcdn.com/editorial/images/666395/joby-pdf.jpeg,False,@themotleyfool,27.416462,5aa129390d5b8b8e445d70dd8798b24e,"{'q': 'Vertical Aerospace OR Joby Aviation', 'lang': 'en', 'to_rank': 1000, 'topic': '', 'page_size': 100, 'page': 1}"
2,The Irish Times Business Person of the Month: Dómhnal Slattery,,2022-02-18 05:31:00,full,https://www.irishtimes.com/business/transport-and-tourism/the-irish-times-business-person-of-the-month-d%C3%B3mhnal-slattery-1.4805539,irishtimes.com,Dublin-headquartered Avolon completed 95 deals in the final three months of last year,"Avolon chief executive Dómhnal Slattery has been chosen as The Irish Times Business Person of the Month for January, an award run in association with Bank of Ireland. During the month, the aviation leasing group he founded announced that rising demand for air travel had sparked Avolon's busiest three months in its history at the end of 2021. Dublin-headquartered Avolon completed 95 deals in the final three months of last year, including leasing new aircraft, follow-on leases and extensions. Mr Slattery said vaccines and an easing of Covid-19 curbs globally had driven a rebound in flying last year following a difficult period for the company and the industry in the wake of pandemic lockdown restrictions being introduced in the first quarter of 2020.",irishtimes.com,860,news,IE,en,[],https://www.irishtimes.com/image-creator/?id=1.4805538&origw=1440,False,@IrishTimesBiz,23.933567,4fad796ff9dbc95ddc54b1b471e2278d,"{'q': 'Vertical Aerospace OR Joby Aviation', 'lang': 'en', 'to_rank': 1000, 'topic': '', 'page_size': 100, 'page': 1}"
3,AirAsia unveils plans to launch a 'flying taxi' service in our skies by 2025,"Danial Martinus February 17, 2022",2022-02-17 07:45:00,timezone unknown,https://sea.mashable.com/tech/19353/airasia-unveils-plans-to-launch-a-flying-taxi-service-in-our-skies-by-2025,mashable.com,GET TO THE CHOPPA.,"> Tech We're not living in a world where flying cars are the norm, despite how hopeful and optimistic we were of such things a few decades ago. But that doesn't mean we're far from a future similar to those dreams – indicative of which is the signing of a non-binding memorandum of understanding between Malaysia-based AirAsia Aviation Group Limited (AirAsia) and Ireland-based Avolon, the second biggest aircraft leasing business in the world. IMAGE: Bloomberg / Energy Connects
The new partnership will see AirAsia lease a minimum of 100 electric vertical take-off and landing (eVTOL) aircraft from Avolon, which the carrier hopes to use as an air ridesharing service in the near future.",mashable.com,259,tech,US,en,[],https://sm.mashable.com/t/mashable_sea/photo/default/cover_qs8t.1200.png,False,@mashablesea,22.928267,f68d712742cfab8e907a37452c266aa8,"{'q': 'Vertical Aerospace OR Joby Aviation', 'lang': 'en', 'to_rank': 1000, 'topic': '', 'page_size': 100, 'page': 1}"
4,eVTOL Aircraft Market to expand at an impressive CAGR of more than 21% over the forecast period of 2021-2031,Persistence Market Research,2022-02-21 00:00:00,date,https://www.globenewswire.com/news-release/2022/02/21/2388764/0/en/eVTOL-Aircraft-Market-to-expand-at-an-impressive-CAGR-of-more-than-21-over-the-forecast-period-of-2021-2031.html,globenewswire.com,"NEW YORK, Feb. 21, 2022 (GLOBE NEWSWIRE) -- Persistence Market Research analysis projects the global eVTOL aircraft market to expand at an impressive...","NEW YORK, Feb. 21, 2022 (GLOBE NEWSWIRE) -- Persistence Market Research analysis projects the global eVTOL aircraft market to expand at an impressive CAGR of more than 21% over the forecast period of 2021-2031. Electric Vertical Takeoff and Landing (eVTOL) aircraft are capable of vertical takeoff and landing, which is possible through electrification of the lift and thrust provided by automated controls. They are technology enablers for Advanced Aerial Mobility, Urban Aerial Mobility, and Passenger Air Vehicles.",globenewswire.com,610,news,US,en,['Persistence Market Research'],https://ml.globenewswire.com/Resource/Download/fe66bf8c-4c9b-4c7e-bb36-deb16bcec0a4?size=1,False,globenewswire,22.511267,0ec1b785f34a2311e3694b8fa7e12c16,"{'q': 'Vertical Aerospace OR Joby Aviation', 'lang': 'en', 'to_rank': 1000, 'topic': '', 'page_size': 100, 'page': 1}"
5,Digital Twin Consortium Announces Liaison with American Institute of Aeronautics and Astronautics,Digital Twin Consortium,2022-02-17 17:00:00,timezone unknown,https://www.globenewswire.com/news-release/2022/02/17/2387433/0/en/Digital-Twin-Consortium-Announces-Liaison-with-American-Institute-of-Aeronautics-and-Astronautics.html,globenewswire.com,Advancing Digital Twins in Aerospace...,"BOSTON, MA, Feb. 17, 2022 (GLOBE NEWSWIRE) -- The Digital Twin Consortium® and the American Institute of Aeronautics and Astronautics (AIAA) have entered into a liaison agreement to create and develop digital twin enabling technologies. The goal is to accelerate the adoption and monetization of digital twins in the aerospace community. Both have agreed to the following: Collaborating on standards requirementsRealizing interoperability by harmonizing technology components and other elementsAlignin",globenewswire.com,610,news,US,en,['Digital Twin Consortium'],https://ml.globenewswire.com/Resource/Download/a5eb1755-8b7e-49b3-93f0-7d22c16b49fa?size=2,False,globenewswire,21.437326,2d9fa310fb4209587cc05a186520dfd3,"{'q': 'Vertical Aerospace OR Joby Aviation', 'lang': 'en', 'to_rank': 1000, 'topic': '', 'page_size': 100, 'page': 1}"
6,Business and Private Jet Market Report Up to 2032: Visiongain Research Inc,Visiongain Ltd,2022-02-21 00:00:00,date,https://www.globenewswire.com/news-release/2022/02/21/2388698/0/en/Business-and-Private-Jet-Market-Report-Up-to-2032-Visiongain-Research-Inc.html,globenewswire.com,"Visiongain has published a new report entitled the Business and Private Jet Market Report 2022-2032: Forecasts by Point-of-Sale (OEM, After Market), by...","Visiongain has published a new report entitled the Business and Private Jet Market Report 2022-2032: Forecasts by Point-of-Sale (OEM, After Market), by End-use (Business, Private, Operator), by Aircraft Type (Light, Mid-sized, Large), by Service (On-Demand, Air Taxis, Branded Charters, Jet-Card/Membership Programs, Fractional Ownership), by Range (Less than 1000 NM, 1000-3000 NM, 3000-5000 NM, More than 5000 NM) AND Regional and Leading National Market Analysis PLUS Analysis of Leading Companies AND COVID-19 Recovery Scenarios.",globenewswire.com,610,news,US,en,['Visiongain Ltd'],https://ml-eu.globenewswire.com/Resource/Download/6bdb779b-409b-453a-a1ac-5548f5b2a98e?size=1,False,globenewswire,20.093712,42edfe69b38e4f52a1f1c9ef9f570948,"{'q': 'Vertical Aerospace OR Joby Aviation', 'lang': 'en', 'to_rank': 1000, 'topic': '', 'page_size': 100, 'page': 1}"
7,Business and Private Jet Market Report Up to 2032: Visiongain Research Inc,Visiongain Ltd,2022-02-21 15:00:00,timezone unknown,https://finance.yahoo.com/news/business-private-jet-market-report-143000538.html,yahoo.com,"Visiongain has published a new report entitled the Business and Private Jet Market Report 2022-2032: Forecasts by Point-of-Sale (OEM, After Market), by End-use (Business, Private, Operator), by…","Visiongain Ltd

Visiongain has published a new report entitled the Business and Private Jet Market Report 2022-2032: Forecasts by Point-of-Sale (OEM, After Market), by End-use (Business, Private, Operator), by Aircraft Type (Light, Mid-sized, Large), by Service (On-Demand, Air Taxis, Branded Charters, Jet-Card/Membership Programs, Fractional Ownership), by Range (Less than 1000 NM, 1000-3000 NM, 3000-5000 NM, More than 5000 NM) AND Regional and Leading National Market Analysis PLUS Analysis of Leading Companies AND COVID-19 Recovery Scenarios.",yahoo.com,30,news,US,en,['Visiongain Ltd'],https://s.yimg.com/ny/api/res/1.2/7Pqz.U5DstHYCzbhOdwv0w--/YXBwaWQ9aGlnaGxhbmRlcjt3PTEyMDA7aD00ODY-/https://s.yimg.com/uu/api/res/1.2/2oYLuvKbATL1e1pbHoc8ew--~B/aD04NzA7dz0yMTQ5O2FwcGlkPXl0YWNoeW9u/https://media.zenfs.com/en/globenewswire.com/4525b4ad5ff84622581f99a9a2ed1a34,False,,19.692804,64f0f301e1a956e2210ba133a452657a,"{'q': 'Vertical Aerospace OR Joby Aviation', 'lang': 'en', 'to_rank': 1000, 'topic': '', 'page_size': 100, 'page': 1}"
8,Here are the competitors for Malaysia's jet trainer contract,Mike Yeo,2022-02-23 18:30:00,timezone unknown,https://news.yahoo.com/competitors-malaysia-jet-trainer-contract-175414216.html,yahoo.com,"Malaysia is seeking 18 jets to replace its fleet of Hawk 108 trainers and Hawk 208 light-attack jets, which were introduced in 1994 and have suffered from increasing attrition.","MELBOURNE, Australia, and MERSIN, Turkey — One of the aircraft competing for a Malaysian trainer contract made its debut at the Singapore Airshow last week, taking part in static and flying displays.

While the other competitors opted to maintain a lower profile, three of India's Hindustan Aeronautics Limited-made Tejas showed off their capabilities, courtesy of the No. 18 'Flying Bullets' Squadron based in Sulur. Two of the aircraft participated in aerial displays during the air show, which took place Feb.",yahoo.com,30,news,US,en,"['Mike Yeo', 'Tayfun Ozberk']",https://s.yimg.com/ny/api/res/1.2/7iUpyM.v4CrJIvWHbfY4cA--/YXBwaWQ9aGlnaGxhbmRlcjt3PTEyMDA7aD04MDE-/https://s.yimg.com/uu/api/res/1.2/595c3J_aVgxT0oG3Ot3BUw--~B/aD0xMDAxO3c9MTUwMDthcHBpZD15dGFjaHlvbg--/https://media.zenfs.com/en/defense_news_499/d00ca5210428d57960f9fc4053284b7f,False,,18.020245,2281395d9a7476499f8a6d071c0676e4,"{'q': 'Vertical Aerospace OR Joby Aviation', 'lang': 'en', 'to_rank': 1000, 'topic': '', 'page_size': 100, 'page': 1}"
9,Global Flying Taxi Market Business Outlook [2022-2027],Industry Research,2022-02-19 13:02:00,full,https://finance.yahoo.com/news/global-flying-taxi-market-business-130200334.html,yahoo.com,,"Industry Research

Pune, Feb. 19, 2022 (GLOBE NEWSWIRE) -- ' Final Report will add the analysis of the impact of COVID-19 on this industry. ""

Global 'Flying Taxi Market' is a comprehensive research that provides information regarding Flying Taxi market size, trends, growth, cost structure, capacity, revenue, and forecast for 2027. This report also includes the overall study of the Flying Taxi Market share with all its aspects influencing the growth of the market. This report is exhaustive quantitative analyses of the Flying Taxi industry and provides data for making strategies to increase Flying Taxi market growth and effectiveness.",yahoo.com,30,news,US,en,['Industry Research'],https://s.yimg.com/uu/api/res/1.2/rdDyM5YvGAQZHMGST86Wkg--~B/aD0xMDU7dz0zMDA7YXBwaWQ9eXRhY2h5b24-/https://media.zenfs.com/en/globenewswire.com/33b3653f3b65c09a0fc50f65d0123f38,False,,15.871988,6e83e9fe28e5c6e91465fa2126151e9b,"{'q': 'Vertical Aerospace OR Joby Aviation', 'lang': 'en', 'to_rank': 1000, 'topic': '', 'page_size': 100, 'page': 1}"
10,Wisk Aero Partners with Long Beach to Make Advanced Air Mobility a Reality in Southern California,,2022-02-22 15:00:00,full,https://finance.yahoo.com/news/wisk-aero-partners-long-beach-150000491.html,yahoo.com,"Home improvement retailer Home Depot Inc. reported its fourth-quarter results Tuesday morning and beat earnings and revenue forecasts, but traders were sellers of the stock at the open. Let's take a…","New partnership to create an Advanced Air Mobility (AAM) working group focused on evaluating, planning, and implementing AAM services, with a focus on autonomy

Through the partnership, Wisk and the Long Beach Economic Partnership will conduct an Economic Impact study to measure the economic benefits to the community and overall economy from AAM operations in Southern California

MOUNTAIN VIEW & LONG BEACH, Calif., February 22, 2022--(BUSINESS WIRE)--Wisk Aero, a leading Advanced Air Mobility (AAM) company and developer of the first all-electric, self-flying air taxi in the United States, has partnered with the City of Long Beach, California through its Long Beach Economic Partnership (LBEP) to make AAM a reality in Southern California.",yahoo.com,30,news,US,en,[],https://s.yimg.com/uu/api/res/1.2/SLsEHL2uYlE4GgUUpI8ETQ--~B/aD0xNDU7dz00ODA7YXBwaWQ9eXRhY2h5b24-/https://media.zenfs.com/en/business-wire.com/5c13c8b3635635d6829a9c2734156b8b,False,,15.795967,0b84e95ff315cdefb5228703b4a47e1a,"{'q': 'Vertical Aerospace OR Joby Aviation', 'lang': 'en', 'to_rank': 1000, 'topic': '', 'page_size': 100, 'page': 1}"
11,Bristow Group to Present at the Credit Suisse 27th Annual Energy Summit,Bristow Group,2022-02-23 21:30:00,full,https://www.prnewswire.com/news-releases/bristow-group-to-present-at-the-credit-suisse-27th-annual-energy-summit-301489054.html,prnewswire.com,"/PRNewswire/ -- Bristow Group Inc. (NYSE: VTOL), the global leader in innovative and sustainable vertical flight solutions, will present at the Credit Suisse...","HOUSTON, Feb. 23, 2022 /PRNewswire/ -- Bristow Group Inc. (NYSE: VTOL), the global leader in innovative and sustainable vertical flight solutions, will present at the Credit Suisse 27th Annual Energy Summit on Monday, February 28, 2022.
Bristow's Senior Vice President and Chief Financial Officer Jennifer Whalen is scheduled to present on Monday, February 28, 2022, at 2:45 p.m. MST and participate in investor meetings throughout the day.
The accompanying investor presentation will be available on February 28, 2022, on the investor section of Bristow's website at www.",prnewswire.com,216,news,US,en,['Bristow Group'],https://mma.prnewswire.com/media/1427443/Bristow_Group_Logo.jpg?p=facebook,False,@PRNewswire,15.750959,8c517cb67c99602f7253716cf76bf3ed,"{'q': 'Vertical Aerospace OR Joby Aviation', 'lang': 'en', 'to_rank': 1000, 'topic': '', 'page_size': 100, 'page': 1}"
12,Wisk Aero Partners with Long Beach to Make Advanced Air Mobility a Reality in Southern California,,2022-02-22 15:00:00,full,https://www.businesswire.com/news/home/20220222005344/en/Wisk-Aero-Partners-with-Long-Beach-to-Make-Advanced-Air-Mobility-a-Reality-in-Southern-California,businesswire.com,Wisk Aero announces a new partnership with Long Beach to make advanced air mobility (AAM) a reality in Southern California.,"February 22, 2022 10:00 AM Eastern Standard Time MOUNTAIN VIEW & LONG BEACH, Calif.--(BUSINESS WIRE)--Wisk Aero, a leading Advanced Air Mobility (AAM) company and developer of the first all-electric, self-flying air taxi in the United States, has partnered with the City of Long Beach, California through its Long Beach Economic Partnership (LBEP) to make AAM a reality in Southern California.



Through this partnership, the two organizations will work to create an AAM working group composed of business, local government, and community leaders that will focus on evaluating, planning, and implementing AAM in Long Beach, with a focus on autonomous flight.","Copyright 2022, Business Wire.",297,tech,US,en,[],https://mms.businesswire.com/media/20220222005344/en/1366178/23/Wisk_logo.jpg,False,,15.483404,0530f37c14faec90935e9d97d6a9f181,"{'q': 'Vertical Aerospace OR Joby Aviation', 'lang': 'en', 'to_rank': 1000, 'topic': '', 'page_size': 100, 'page': 1}"
13,"Wind Tunnel Market Size Worth $3.78Bn, Globally, by 2028 at 4.9% CAGR",The Insight Partners,2022-02-24 11:00:00,full,https://www.prnewswire.com/news-releases/wind-tunnel-market-size-worth-3-78bn-globally-by-2028-at-4-9-cagr---exclusive-report-by-the-insight-partners-301488651.html,prnewswire.com,"/PRNewswire/ -- The Insight Partners published latest research study on ""Wind Tunnel Market Forecast to 2028 - COVID-19 Impact and Global Analysis By Solution...","NEW YORK, Feb. 24, 2022 /PRNewswire/ -- The Insight Partners published latest research study on ""Wind Tunnel Market Forecast to 2028 - COVID-19 Impact and Global Analysis By Solution (Products and Services), Alignment (Horizontal and Vertical), Airspeed Type (Subsonic, Supersonic, Transonic, and Hypersonic), and Application (Aerospace & Defense, Automotive & Transportation, Building Construction & Wind Energy, Training & Simulation, Adventure Sports Skydiving, and Others)"". The wind tunnel market growth is driven by the widespread adoption in aircraft development and growing prospectus in constructing green building, rising adoption of electric vehicles and increasing demand of wind tunnel in aerospace and construction industry.",prnewswire.com,216,news,US,en,['The Insight Partners'],https://mma.prnewswire.com/media/1586348/The_Insight_Partners_Logo.jpg?p=facebook,False,@PRNewswire,15.444668,0a5e4239516c0576602f4b5fde2b977d,"{'q': 'Vertical Aerospace OR Joby Aviation', 'lang': 'en', 'to_rank': 1000, 'topic': '', 'page_size': 100, 'page': 1}"
14,"Wind Tunnel Market Size Worth $3.78Bn, Globally, by 2028 at 4.9% CAGR",,2022-02-24 11:00:00,full,https://finance.yahoo.com/news/wind-tunnel-market-size-worth-110000566.html,yahoo.com,"The wind tunnel market size is projected to reach $3.78 Bn by 2028 from $2.70 Bn in 2021; it is expected to grow at a CAGR of 4.9% from 2021 to 2028.NEW YORK, Feb. 24, 2022 /PRNewswire/ -- The Insight…","The wind tunnel market size is projected to reach $3.78 Bn by 2028 from $2.70 Bn in 2021; it is expected to grow at a CAGR of 4.9% from 2021 to 2028.

NEW YORK, Feb. 24, 2022 /PRNewswire/ -- The Insight Partners published latest research study on "" Wind Tunnel Market Forecast to 2028 - COVID-19 Impact and Global Analysis By Solution (Products and Services), Alignment (Horizontal and Vertical), Airspeed Type (Subsonic, Supersonic, Transonic, and Hypersonic), and Application (Aerospace & Defense, Automotive & Transportation, Building Construction & Wind Energy, Training & Simulation, Adventure Sports Skydiving, and Others)"".",yahoo.com,30,news,US,en,[],https://s.yimg.com/uu/api/res/1.2/c9aEqzrfLheL1u82et7G.A--~B/aD0xNDU7dz00MDA7YXBwaWQ9eXRhY2h5b24-/https://media.zenfs.com/en/prnewswire.com/076729ea852153efad51663f7bbe2a95,False,,15.211827,8c9e2910a06571eb556db550d1b732eb,"{'q': 'Vertical Aerospace OR Joby Aviation', 'lang': 'en', 'to_rank': 1000, 'topic': '', 'page_size': 100, 'page': 1}"
15,Lilium to Crowdsource Retail Investor Questions for its Full Year ‘21 Business Update Webcast,Lilium Gmbh -,2022-02-21 20:00:00,timezone unknown,http://globenewswire.com,globenewswire.com,"SAN FRANCISCO and MUNICH, Germany, Feb. 21, 2022 (GLOBE NEWSWIRE) -- Lilium N.V. ('Lilium') (NASDAQ: LILM), announced today that it will crowdsource questions from private shareholders for its…","SAN FRANCISCO and MUNICH, Germany, Feb. 21, 2022 (GLOBE NEWSWIRE) -- Lilium N.V. ('Lilium') (NASDAQ: LILM), announced today that it will crowdsource questions from private shareholders for its upcoming Full Year 2021 business update webcast.Starting today February 21, and continuing through February 27, 2022, retail investors who are current and verified holders of Lilium shares can submit and upvote questions to be reviewed by Lilium's management team.Lilium will respond to certain questions submitted by registered shareholders through the Say Connect Platform on its Full Year 2021 webcast, which is scheduled for Tuesday, March 1, 2022 at 8:00 a.",kentuckytoday.com,610,business,US,en,"['Lilium Gmbh -', 'Globe Newswire']",https://bloximages.newyork1.vip.townnews.com/kentuckytoday.com/content/tncms/custom/image/102b5a02-0453-11ec-9099-0b9a1e7cd50b.png?resize=600%2C315,False,@kytodayeditor,14.128149,165fb1d22c47f37a6fa48480d81b16ec,"{'q': 'Vertical Aerospace OR Joby Aviation', 'lang': 'en', 'to_rank': 1000, 'topic': '', 'page_size': 100, 'page': 1}"
16,Mathematicians solve long-standing geometry problem on equiangular lines,Rhonda Olson,2022-02-21 19:10:00,full,https://news.asu.edu/20220220-mathematicians-solve-longstanding-geometry-problem-equiangular-lines,asu.edu,"For more than 50 years, mathematicians have been pondering a problem in discrete geometry concerning equiangular lines — how many such lines can exist simultaneously in a given dimension? ASU…","February 21, 2022 For more than 50 years, mathematicians have been pondering a problem in discrete geometry concerning equiangular lines — how many such lines can exist simultaneously in a given dimension?Zilin Jiang joined Arizona State University in January 2021 with a joint position as assistant professor in the School of Mathematical and Statistical Sciences and the School of Computing and Augmented Intelligence. Jiang and a team of researchers at MIT recently solved this long-standing problem with the results published in the Annals of Mathematics, 'Equiangular lines with a fixed angle.",asu.edu,672,news,US,en,"['Rhonda Olson', 'Erik Wirtanen']",https://news.asu.edu/sites/default/files/equiangular_lines.png,False,@asunews,14.0573435,88750c01ca01669130ace5e19d23523b,"{'q': 'Vertical Aerospace OR Joby Aviation', 'lang': 'en', 'to_rank': 1000, 'topic': '', 'page_size': 100, 'page': 1}"
17,"EAA, Aviation Groups Commit to Lead-Free Aviation Fuels Transition",,2022-02-24 06:30:00,timezone unknown,https://www.prweb.com/releases/eaa_aviation_groups_commit_to_lead_free_aviation_fuels_transition/prweb18517854.htm,prweb.com,"WASHINGTON (PRWEB) February 23, 2022 -- Leaders of aviation and petroleum groups have committed to an initiative laying out a clear plan to transition piston-engine aircraft to lead-free aviation…","Our goal is to solve the complex issues surrounding lead-free aviation fuels with innovations that ensure safety, as well as reliability, marketplace availability, and continue to provide the countless benefits of general and recreational aviation to our nation and the world. WASHINGTON (PRWEB) February 23, 2022 Leaders of aviation and petroleum groups have committed to an initiative laying out a clear plan to transition piston-engine aircraft to lead-free aviation fuels by the end of 2030. Announced at the National Press Club in Washington, D.",prweb.com,674,news,US,en,[],https://ww1.prweb.com/prfiles/2022/02/23/18517854/tN_120656_EAGLE-Commitment-Graphic%2020220223.png,False,@PRWeb,13.656188,4e4010f39c7f3ab314f0bd87c17a97ed,"{'q': 'Vertical Aerospace OR Joby Aviation', 'lang': 'en', 'to_rank': 1000, 'topic': '', 'page_size': 100, 'page': 1}"
18,Lilium to Crowdsource Retail Investor Questions for its Full Year ‘21 Business Update Webcast,Lilium Gmbh,2022-02-21 19:00:00,full,https://finance.yahoo.com/news/lilium-crowdsource-retail-investor-questions-190000442.html,yahoo.com,Presidents Day 2022 is here. Some exchanges are closed over the long weekend. Here are the hours for the stock market today.,"Lilium GmbH

SAN FRANCISCO and MUNICH, Germany, Feb. 21, 2022 (GLOBE NEWSWIRE) -- Lilium N.V. ('Lilium') (NASDAQ: LILM), announced today that it will crowdsource questions from private shareholders for its upcoming Full Year 2021 business update webcast.



Starting today February 21, and continuing through February 27, 2022, retail investors who are current and verified holders of Lilium shares can submit and upvote questions to be reviewed by Lilium's management team.

To submit questions, please visit the Say Connect platform at: http://app.",yahoo.com,30,news,US,en,['Lilium Gmbh'],https://s.yimg.com/uu/api/res/1.2/cagzgvGMMG.Nx7h7RB10VQ--~B/aD00MDA7dz00MDA7YXBwaWQ9eXRhY2h5b24-/https://media.zenfs.com/en/globenewswire.com/230e363dcff2ed064e05f52c48c2af0f,False,,13.38787,3b34b38fadd1daa0149a4df611e38a61,"{'q': 'Vertical Aerospace OR Joby Aviation', 'lang': 'en', 'to_rank': 1000, 'topic': '', 'page_size': 100, 'page': 1}"
19,"EAA, Aviation Groups Commit to Lead-Free Aviation Fuels Transition",,2022-02-24 02:04:08,full,https://finance.yahoo.com/news/eaa-aviation-groups-commit-lead-020000960.html,yahoo.com,Leaders of aviation and petroleum groups have committed to an initiative laying out a clear plan to transition piston-engine aircraft to lead-free aviation fuels by the end of 2030. The Eliminate…,"Leaders of aviation and petroleum groups have committed to an initiative laying out a clear plan to transition piston-engine aircraft to lead-free aviation fuels by the end of 2030. The Eliminate Aviation Gasoline Lead Emissions (EAGLE) initiative calls for an industry/government partnership to expand and accelerate the actions and policies necessary for a viable high-octane unleaded replacement for the current 100 octane low-lead aviation gasoline (100LL), without compromising the existing U.S. transportation infrastructure system, aviation safety, and the economic and broader public benefits of general aviation.",yahoo.com,30,news,US,en,[],https://s.yimg.com/cv/apiv2/social/images/yahoo_default_logo-1200x1200.png,False,,13.364599,138c5e8abaada2fae4a14b38d18fd1c5,"{'q': 'Vertical Aerospace OR Joby Aviation', 'lang': 'en', 'to_rank': 1000, 'topic': '', 'page_size': 100, 'page': 1}"
20,"LiDAR Market to Rise at 22.7% CAGR till 2026; Increasing Number of Product Launches to Aid Growth, says Fortune Business Insights™",Fortune Business Insights,2022-02-21 05:00:00,timezone unknown,https://www.globenewswire.com/news-release/2022/02/21/2388312/0/en/LiDAR-Market-to-Rise-at-22-7-CAGR-till-2026-Increasing-Number-of-Product-Launches-to-Aid-Growth-says-Fortune-Business-Insights.html,globenewswire.com,"Companies in the LiDAR Market are YellowScan, Beijing SureStar Technology Co.Ltd., FARO Technologies, Inc., HEXAGON, Leica Geosystems, RIEGL Laser...","Pune, Feb. 20, 2022 (GLOBE NEWSWIRE) -- The global LiDAR market size is projected to reach USD 6.71 billion by 2026. Driven by increasing investments in the development of newer products, the market will rise considerably in the coming years. According to a report published by Fortune Business Insights, titled 'Light Detection and Ranging (LiDAR) Market Size, Share & Industry Analysis, By Type (Mechanical and Solid-state), By Deployment (Ground-based and Airborne), By Application (Mapping and Cartography, ADAS (Advanced driver-assistance System), Surveillance, Environment, Exploration and Detection and Others), By Industry (Automotive, Aerospace and Defense, Healthcare, IT & Telecom, Oil & Gas and Others) and Regional Forecast, 2019-2026,' the market was worth USD 1.",globenewswire.com,610,news,US,en,['Fortune Business Insights'],https://ml.globenewswire.com/Resource/Download/05408ba1-26b1-4fdd-8f48-1af4df373348?size=1,False,globenewswire,13.280064,2159c3f5310735bbdffebdbc091b1a62,"{'q': 'Vertical Aerospace OR Joby Aviation', 'lang': 'en', 'to_rank': 1000, 'topic': '', 'page_size': 100, 'page': 1}"
21,SP Plus Corporation (SP) CEO Marc Baumann on Q4 2021 Results,,2022-02-24 03:30:31,full,https://seekingalpha.com/article/4489732-sp-plus-corporation-sp-ceo-marc-baumann-on-q4-2021-results-earnings-call-transcript,seekingalpha.com,"SP Plus Corporation (NASDAQ:SP) Q4 2021 Results Conference Call February 23, 2022 05:00 PM ET Company Participants Kris Roy - Chief Financial Officer Marc Baumann - Chairman and Chief...","SP Plus Corporation (NASDAQ:SP) Q4 2021 Results Conference Call February 23, 2022 5:00 PM ET
Company Participants
Kris Roy - Chief Financial Officer
Marc Baumann - Chairman and Chief Executive Officer
Conference Call Participants
Daniel Moore - CJS securities
Tim Mulrooney - William Blair
Marc Riddick - Sidoti
Kevin Steinke - Barrington Research
Daniel Moore - CJS Securities
Operator
Good day, and thank you for standing by. Welcome to the Q4 2021 SP Plus Corporation Earnings Conference Call. At this time, all participants are in a listen-only mode.",seekingalpha.com,951,finance,US,en,[],https://static.seekingalpha.com/assets/og_image_1200-29b2bfe1a595477db6826bd2126c63ac2091efb7ec76347a8e7f81ba17e3de6c.png,False,@SeekingAlpha,12.682374,a4c1f79551c4a2a37cc68a359ba4127a,"{'q': 'Vertical Aerospace OR Joby Aviation', 'lang': 'en', 'to_rank': 1000, 'topic': '', 'page_size': 100, 'page': 1}"
22,How to Make Air Travel Green—Finally,Gregory Barber,2022-02-22 15:00:00,full,https://www.wired.com/story/what-itll-take-to-get-electric-planes-off-the-ground,wired.com,"Lithium-ion batteries, used in electric cars, are not sufficient to power large aircraft. But scientists have some new innovations in mind.","This story was originally published by Wired and has been republished here as part of the Climate Desk collaboration. A few years ago, while driving on a stretch of interstate between Pittsburgh and San Francisco, Venkat Viswanathan began to feel a little existential. His trip was going smoothly—almost too smoothly, he thought. He would hum along for a few hundred miles at a time, stopping briefly for meals or to take in the early summer scenery. It was the classic Great American Road Trip. And it was hardly remarkable at all that he was doing it in an electric car.",slate.com,151,news,US,en,['Gregory Barber'],https://compote.slate.com/images/b8ec5336-17a3-4214-88cf-03a269fead03.jpeg?width=780&height=520&rect=5088x3392&offset=0x0,False,,12.614747,4f6cb0432d5f59ba2cab2380056ff8da,"{'q': 'Vertical Aerospace OR Joby Aviation', 'lang': 'en', 'to_rank': 1000, 'topic': '', 'page_size': 100, 'page': 1}"
23,"The Station: DeLorean teases an EV, VW and Hauwei are ‘talking' and feds investigate Tesla – TechCrunch",,2022-02-21 12:00:17,full,https://techcrunch.com/2022/02/21/the-station-delorean-teases-ev-vw-hauwei-are-talking-feds-investigate-tesla,techcrunch.com,"The Station is a weekly newsletter dedicated to all things transportation. Sign up here — just click The Station — to receive it every weekend in your inbox. Hello readers: Welcome to The Station,…","The Station is a weekly newsletter dedicated to all things transportation. Sign up here — just click The Station — to receive it every weekend in your inbox.
Hello readers: Welcome to The Station, your central hub for all past, present and future means of moving people and packages from Point A to Point B.
Before you dive into our weekly roundup of news and analysis, I wanted to flag two items. First up, the founders series returned this month with Anjali Jindal Naik, co-founder and COO of autonomous sidewalk robot maker Cartken.",techcrunch.com,167,tech,US,en,[],https://techcrunch.com/wp-content/uploads/2022/02/Screen-Shot-2022-02-20-at-6.17.54-PM.png?w=762,False,@techcrunch,12.470792,fa02c342c43888972c0c69feeb3e9eb3,"{'q': 'Vertical Aerospace OR Joby Aviation', 'lang': 'en', 'to_rank': 1000, 'topic': '', 'page_size': 100, 'page': 1}"
24,Gentex Stock: Opportunity To Own A Quality Asset At Discount (NASDAQ:GNTX),,2022-02-17 14:40:22,full,https://seekingalpha.com/article/4487842-gentex-opportunity-own-quality-asset-discount,seekingalpha.com,Gentex's revenue grew 3% in 2021 while light vehicle production shrunk 3%. See why GNTX is a company I would buy and accumulate forever.,"Nednapa/iStock via Getty Images Gentex Corporation (GNTX) generates 98% of its revenues selling products to the auto OEMs, mainly its auto-dimming mirrors in which it has a 94% market share. The company is trying to diversify by entering different verticals such as the aviation and healthcare verticals. GNTX's strong balance sheet, moaty product and heavy R&D investments will likely ensure its success in the foreseeable future. The shares are worth anywhere from $34 to $43 depending on GNTX's success entering the new verticals.",seekingalpha.com,951,finance,US,en,[],https://static.seekingalpha.com/cdn/s3/uploads/getty_images/645366634/image_645366634.jpg?io=getty-c-w750,False,@SeekingAlpha,11.866538,0129285ccc2f6f3d054b29085b54dd19,"{'q': 'Vertical Aerospace OR Joby Aviation', 'lang': 'en', 'to_rank': 1000, 'topic': '', 'page_size': 100, 'page': 1}"
25,"Drone Package Delivery Market size worth $ 15,046.45 Million, Globally, by 2028 at 53% CAGR: Verified Market Research®",Verified Market Research,2022-02-21 09:00:00,full,https://www.prnewswire.com/news-releases/drone-package-delivery-market-size-worth--15-046-45-million-globally-by-2028-at-53-cagr-verified-market-research-301486302.html,prnewswire.com,"/PRNewswire/ -- Verified Market Research recently published a report, ""Drone Package Delivery Market"" By Type (Fixed-Wings, Multirotor, Hybrid), By Package...","JERSEY CITY, N.J., Feb. 21, 2022 /PRNewswire/ -- Verified Market Research recently published a report, ""Drone Package Delivery Market"" By Type (Fixed-Wings, Multirotor, Hybrid), By Package Size (<2KG, 2-5 KG, >5 KG), By End User (Medical and Healthcare, Retails), and By Geography. According to Verified Market Research, the Global Drone Package Delivery Market size was valued at USD 501.6 Million in 2020 and is projected to reach USD 15,046.45 Million by 2028, growing at a CAGR of 53% from 2021 to 2028.",prnewswire.com,216,news,US,en,['Verified Market Research'],https://mma.prnewswire.com/media/1315349/Verified_Market_Research_Logo.jpg?p=facebook,False,@PRNewswire,11.817917,ae76879a2f6255eb6ffd9d2814a0f8b3,"{'q': 'Vertical Aerospace OR Joby Aviation', 'lang': 'en', 'to_rank': 1000, 'topic': '', 'page_size': 100, 'page': 1}"
26,"Electric Flying Cars Are Just Dirty Old Helicopters, Rebranded",By David Fickling | Bloomberg,2022-02-20 23:35:49,full,https://www.bloomberg.com/opinion/articles/2022-02-20/electric-flying-cars-are-just-dirty-old-helicopters-rebranded,bloomberg.com,"The promises sound too good to be true — and they are. These new vehicles will do little more than ferry the elite, burning carbon and causing noise pollution as they do.","The Jetsons are back, and they're looking green. Electric flying taxis were the toast of the Singapore Airshow last week. AirAsia and and a unit of Embraer SA announced deals for nearly 200 of the futuristic vehicles, which haven't made it beyond prototype stage yet. Such eVTOL vehicles — short for electric vertical take off and landing — have seen an explosion of interest in recent years, with some $12.8 billion invested in the field since 2010, according to McKinsey & Co.Get the full experience.",washingtonpost.com,96,business,US,en,['By David Fickling | Bloomberg'],https://www.washingtonpost.com/wp-apps/imrs.php?src=https://arc-anglerfish-washpost-prod-washpost.s3.amazonaws.com/public/2QBZYQUSUUI6ZOZROT6ANQFDUU.jpg&w=1440,False,@WashingtonPost,11.817479,684f772beae2c4c3d33ae19e726eebff,"{'q': 'Vertical Aerospace OR Joby Aviation', 'lang': 'en', 'to_rank': 1000, 'topic': '', 'page_size': 100, 'page': 1}"
27,"Drone Package Delivery Market size worth $ 15,046.45 Million, Globally, by 2028 at 53% CAGR: Verified Market Research®",,2022-02-21 09:00:00,full,https://finance.yahoo.com/news/drone-package-delivery-market-size-090000195.html,yahoo.com,"Heavy investments from several logistics and transportation companies, increasing demand for fast delivery, technological advancements in drone technologies are some of the factors that will…","Heavy investments from several logistics and transportation companies, increasing demand for fast delivery, technological advancements in drone technologies are some of the factors that will contribute to the growth of Drone Package Delivery Market.

JERSEY CITY, N.J., Feb. 21, 2022 /PRNewswire/ -- Verified Market Research recently published a report, ""Drone Package Delivery Market"" By Type (Fixed-Wings, Multirotor, Hybrid), By Package Size (<2KG, 2-5 KG, >5 KG), By End User (Medical and Healthcare, Retails), and By Geography.",yahoo.com,30,news,US,en,[],https://s.yimg.com/uu/api/res/1.2/CeVfGKZG6uYxtwIxdA9QVg--~B/aD0xMTI7dz00MDA7YXBwaWQ9eXRhY2h5b24-/https://media.zenfs.com/en/prnewswire.com/a439189eefea499717cfa065b6efa49d,False,,11.392013,4128a9f1d743f774266998ecf17f7b2e,"{'q': 'Vertical Aerospace OR Joby Aviation', 'lang': 'en', 'to_rank': 1000, 'topic': '', 'page_size': 100, 'page': 1}"
28,Rolls-Royce Holdings plc (RYCEY) CEO Warren East on Q4 2021 Results,,2022-02-24 21:13:04,full,https://seekingalpha.com/article/4490182-rolls-royce-holdings-plc-rycey-ceo-warren-east-on-q4-2021-results-earnings-call-transcript,seekingalpha.com,"Rolls-Royce Holdings plc (OTCPK:RYCEY) Q4 2021 Earnings Conference Call February 24, 2022 3:30 AM ET Company Participants Isabel Green - Head, IR Anita Frew - Chair Warren East - CEO...","Rolls-Royce Holdings plc (OTCPK:RYCEY) Q4 2021 Earnings Conference Call February 24, 2022 3:30 AM ET
Company Participants
Isabel Green - Head, IR
Anita Frew - Chair
Warren East - CEO
Panos Kakoullis - CFO
Conference Call Participants
Celine Fornaro - UBS
Robert Stallard - Vertical Research
George Zhao - Bernstein
Ben Heelan - Bank of America
Harry Breach - Stifel
David Perry - JPMorgan
Andrew Humphrey - Morgan Stanley
Charles Armitage - Citigroup
Disclaimer*: This transcript is designed to be used alongside the freely available audio recording on this page.",seekingalpha.com,951,news,US,en,[],https://static.seekingalpha.com/assets/og_image_1200-29b2bfe1a595477db6826bd2126c63ac2091efb7ec76347a8e7f81ba17e3de6c.png,False,@SeekingAlpha,11.195696,8c840ed3d2833038f76a9fe8df058541,"{'q': 'Vertical Aerospace OR Joby Aviation', 'lang': 'en', 'to_rank': 1000, 'topic': '', 'page_size': 100, 'page': 1}"
29,Flying car could travel from Bristol to London in one hour after 'revolutionary' test,Felix Reeves,2022-02-17 10:00:00,full,https://www.express.co.uk/life-style/cars/1567317/flying-car-autoflight-air-taxi-uk-europe-test-video-pictures-exclusive,express.co.uk,FLYING cars are one step closer to becoming a reality in the UK after AutoFlight's successful completion of a proof-of-concept flight.,"The Prosperity I air taxi completed a test flight reaching an altitude of 150 metres and hitting speeds of 123mph. This successful flight comes just weeks after AutoFlight announced their opening of its European base in Germany, where they aim to get European Union certification.The air taxi is an example of an electric vertical take-off and landing (eVTOL) aircraft which is set to become more common in the future.The unmanned flight took place at their flight test area in Jiangsu province in China in January 2022.",express.co.uk,548,business,GB,en,['Felix Reeves'],https://cdn.images.express.co.uk/img/dynamic/24/750x445/1567317.jpg,False,,11.095696,d253be5161ccb90cd4dfcb8baa2ad5b1,"{'q': 'Vertical Aerospace OR Joby Aviation', 'lang': 'en', 'to_rank': 1000, 'topic': '', 'page_size': 100, 'page': 1}"
30,Reversal of fortune: How European software can play to its strengths,Christian Behrends Daniele Di Mattia Jonathan Shulman Alberto Torres,2022-02-17 00:00:00,date,https://www.mckinsey.com/industries/technology-media-and-telecommunications/our-insights/reversal-of-fortune-how-european-software-can-play-to-its-strengths,mckinsey.com,"A relative lack of top software companies threatens Europe's economic competitiveness. To turn that tide, the private sector has to stop trying to play catch-up and take an altogether new approach.","DOWNLOADS Open interactive popup Article (7 pages)

In 2011, renowned US tech entrepreneur and venture capitalist Marc Andreessen published an essay entitled 'Why Software is Eating the World,' arguing that value would shift away from traditional industries to providers of software and software-enabled services and products.

It was a prescient thesis. In the past decade, the software sector has grown at twice the rate of the aggregate of all industries —a disparity only reinforced by the rapid acceleration in digital behaviors the COVID-19 pandemic has fueled.",mckinsey.com,425,finance,US,en,"['Christian Behrends Daniele Di Mattia Jonathan Shulman Alberto Torres', 'Christian Behrends', 'Daniele Di Mattia']",https://www.mckinsey.com/~/media/mckinsey/industries/technology%20media%20and%20telecommunications/high%20tech/our%20insights/reversal%20of%20fortune%20how%20european%20software%20can%20play%20to%20its%20strengths/reversal%20of%20fortune_1171305323_thumb_1536x1536.jpg,False,@mckinsey,10.867575,47200309e4f785126d38b12b224f2589,"{'q': 'Vertical Aerospace OR Joby Aviation', 'lang': 'en', 'to_rank': 1000, 'topic': '', 'page_size': 100, 'page': 1}"
31,"Emirates pilot did 'dangerous' high speed, low-altitude Dubai fly-over",Chris Jewers,2022-02-18 12:33:57,full,https://www.dailymail.co.uk/news/article-10527375/Emirates-pilot-did-dangerous-high-speed-low-altitude-fly-Dubai.html,dailymail.co.uk,"No one was injured in the December 19 flight leaving Dubai to Washington, but such low altitudes and high speeds can cause damage to an aircraft and increases the risk of striking a building.","Published: 07:33 EST, 18 February 2022 | Updated: 07:33 EST, 18 February 2022 An Emirates airline pilot did a 'dangerous' high speed, low altitude fly-by over Dubai before the cockpit voice recorder was mysteriously 'overwritten,' investigators acknowledged Thursday.The long-haul Emirates flight that could carry up to 380 passengers was heading to Washington in December when it failed to properly climb and flew incredibly low and fast over the city-state before later gaining altitude over the sea.",Copyright 2022 Associated Newspapers Ltd,128,news,GB,en,"['Chris Jewers', 'Ted Thornhill', 'Mailonline Travel Editor', 'Associated Press']",https://i.dailymail.co.uk/1s/2022/02/18/12/53745451-0-Emirates_flight_EK231_above_apparently_overran_the_runway_on_dep-a-46_1645187583405.jpg,False,,10.773201,e32b2257d447e5eee1295586ace09ff0,"{'q': 'Vertical Aerospace OR Joby Aviation', 'lang': 'en', 'to_rank': 1000, 'topic': '', 'page_size': 100, 'page': 1}"
32,GRUBBRR Announces Patrick Laney as the New Chief Operations Officer,,2022-02-17 00:00:00,date,https://www.prweb.com/releases/grubbrr_announces_patrick_laney_as_the_new_chief_operations_officer/prweb18503888.htm,prweb.com,"BOCA RATON, Fla. (PRWEB) February 17, 2022 -- GRUBBRR, the commerce automation company at the forefront of self-ordering technologies, announced today that Patrick Laney is starting as the new Chief…","'In the next ten years, I expect to walk into most fast food, retail, and grocers in the United States and transact on a Kiosk provided by GRUBBRR.' BOCA RATON, Fla. (PRWEB) February 17, 2022 GRUBBRR, the commerce automation company at the forefront of self-ordering technologies, announced today that Patrick Laney is starting as the new Chief Operations Officer. As Chief Operations Officer, Patrick is responsible for managing the deployment, implementation, customer service and customer success teams as well as identifying resources, systems and personnel to develop and implement systematic processes to address the demands of GRUBBRR's growth.",prweb.com,674,tech,US,en,[],http://ww1.prweb.com/prfiles/2022/02/16/18503888/gI_166285_NewsImage_vcsPRAsset_3502325_166285_58e8ae3d-a5b2-46fa-8e6d-6ff43b09c1c4_0.png,False,@PRWeb,10.331278,cea4ae43954c0602f839983df7cd94b2,"{'q': 'Vertical Aerospace OR Joby Aviation', 'lang': 'en', 'to_rank': 1000, 'topic': '', 'page_size': 100, 'page': 1}"
33,"5G IoT Market size worth $ 111.2 Billion, Globally, by 2028 at 72.1% CAGR: Verified Market Research®",,2022-02-21 10:45:00,timezone unknown,https://finance.yahoo.com/news/5g-iot-market-size-worth-094500705.html,yahoo.com,"Factors such as High speed, low latency, large bandwidth, of 5G network, increasing application of AR/VR, and AI, autonomous vehicles, and other factors, 5G is expected to boost the 5G IoT…","Factors such as High speed, low latency, large bandwidth, of 5G network, increasing application of AR/VR, and AI, autonomous vehicles, and other factors, 5G is expected to boost the 5G IoT Market.

JERSEY CITY, N.J., Feb. 21, 2022 /PRNewswire/ -- Verified Market Research recently published a report, ""5G IoT Market"" By Component (Hardware, Platform, Connectivity), By Network Type (5G Standalone (SA), 5G Non-standalone (NSA)), By End-User (Manufacturing, Healthcare, Agriculture), and By Geography. According to Verified Market Research, the Global 5G IoT Market size was valued at USD 1.",yahoo.com,30,news,US,en,[],https://s.yimg.com/uu/api/res/1.2/CeVfGKZG6uYxtwIxdA9QVg--~B/aD0xMTI7dz00MDA7YXBwaWQ9eXRhY2h5b24-/https://media.zenfs.com/en/prnewswire.com/a439189eefea499717cfa065b6efa49d,False,,10.096259,26ec767e80b5b7a4dc644407422d22d0,"{'q': 'Vertical Aerospace OR Joby Aviation', 'lang': 'en', 'to_rank': 1000, 'topic': '', 'page_size': 100, 'page': 1}"
34,"5G IoT Market size worth $ 111.2 Billion, Globally, by 2028 at 72.1% CAGR: Verified Market Research®",Verified Market Research,2022-02-21 09:45:00,full,https://www.prnewswire.com/news-releases/5g-iot-market-size-worth--111-2-billion-globally-by-2028-at-72-1-cagr-verified-market-research-301486307.html,prnewswire.com,"/PRNewswire/ -- Verified Market Research recently published a report, ""5G IoT Market"" By Component (Hardware, Platform, Connectivity), By Network Type (5G...","JERSEY CITY, N.J., Feb. 21, 2022 /PRNewswire/ -- Verified Market Research recently published a report, ""5G IoT Market"" By Component (Hardware, Platform, Connectivity), By Network Type (5G Standalone (SA), 5G Non-standalone (NSA)), By End-User (Manufacturing, Healthcare, Agriculture), and By Geography. According to Verified Market Research, the Global 5G IoT Market size was valued at USD 1.4 Billion in 2020 and is projected to reach USD 111.2 Billion by 2028, growing at a CAGR of 72.1% from 2021 to 2028.",prnewswire.com,216,news,US,en,['Verified Market Research'],https://mma.prnewswire.com/media/1315349/Verified_Market_Research_Logo.jpg?p=facebook,False,@PRNewswire,10.093251,e76262aae54d9648924c69043cf8d7b3,"{'q': 'Vertical Aerospace OR Joby Aviation', 'lang': 'en', 'to_rank': 1000, 'topic': '', 'page_size': 100, 'page': 1}"
35,The Ripple Effects Of Soaring Energy Prices,,2022-02-17 12:27:00,full,https://seekingalpha.com/article/4487808-soaring-energy-prices-ripple-effects,seekingalpha.com,Higher energy prices can impact companies in many ways. Click here for a detailed review...,"Seeking Alpha - Go to HomepageFinancial AdvisorToday's MarketFeb. 17, 2022 7:27 AM ETUSO, UNG, UGAZF, UCO, DGAZ, BNO, SCO, BOIL, USL, DBO, UGA, KOLD, USOI, NRGU, UNL, OILK, OLEM, DBE, OILX, NRGD, GAZ, GRNTF, USAI, RJN, FUE, NRGO, NRGZ, YGRN, JJE, JJETF, UBN, VDE, VENAX, VITAX, OLOXF, XLE, IYE, OIH, IXC, RYE, PXI, FXN, FCG, PSCE, FILL, FRAK, FENY, JHME, FTXN, HDRO, SOLR, CNRG, PXE, PXJ, IEO, IEZ, XES, XOP, CRAK, VGK, FEZ, IEV, EZU, DFE, FDD, FEP, SPEU, HEDJ, DBEU, EURZ, EUDG, IEUR, HEZU, FEUZ, DBEZ, IEUS, EUSC, OEUR, EUDV, PTEU, FIEE, GSEU, RFEU, FLEE, FLEH, BBEU, FPXE, DBA, RJA, JJA, GRU, TAGS, JJGTF, JJG, JJATF, MOO, VEGI, FTAG, DBB, RJZ, JJM, JJMTF, UBM, BCIM, JRNY, CRUZ, TRYP, AWYX1 LikeING Economic and Financial AnalysisEuropean energy markets became very tight and volatile over the course of 2021.",seekingalpha.com,951,finance,US,en,[],https://static.seekingalpha.com/cdn/s3/uploads/getty_images/1316669671/image_1316669671.jpg?io=getty-c-w750,False,@SeekingAlpha,9.974641,80dd7cea3648ad52288d782cf537ff42,"{'q': 'Vertical Aerospace OR Joby Aviation', 'lang': 'en', 'to_rank': 1000, 'topic': '', 'page_size': 100, 'page': 1}"
36,SP Plus Corporation Announces Fourth Quarter and Full-Year 2021 Results,Sp Plus Corporation,2022-02-23 00:00:00,date,https://www.globenewswire.com/news-release/2022/02/23/2390812/8118/en/SP-Plus-Corporation-Announces-Fourth-Quarter-and-Full-Year-2021-Results.html,globenewswire.com,- Strong Fourth Quarter Caps a Year of Substantial Growth- Sphere™ Technology Solutions Continue to be a Point of Differentiation- Full-Year 2022 Guidance...,"- Strong Fourth Quarter Caps a Year of Substantial Growth- Sphere™ Technology Solutions Continue to be a Point of Differentiation- Full-Year 2022 Guidance Indicates Operating Performance Near Pre-Pandemic 2019 Levels CHICAGO, Feb. 23, 2022 (GLOBE NEWSWIRE) -- SP Plus Corporation (Nasdaq:SP), a leading provider of technology-driven mobility solutions for aviation, commercial, hospitality and institutional clients throughout North America, today announced its fourth quarter and full-year 2021 results.",globenewswire.com,610,news,US,en,['Sp Plus Corporation'],https://ml.globenewswire.com/Resource/Download/c44f62d5-2ef0-4aaa-8aa1-524dcabf107b?size=1,False,globenewswire,9.365517,a6a2698737499b0a96dff9fd0c576ace,"{'q': 'Vertical Aerospace OR Joby Aviation', 'lang': 'en', 'to_rank': 1000, 'topic': '', 'page_size': 100, 'page': 1}"
37,Beverage Consulting Firm Enliven Appoints Tim Harms CEO,Enliven,2022-02-23 13:30:00,timezone unknown,https://www.globenewswire.com/news-release/2022/02/23/2390291/0/en/Beverage-Consulting-Firm-Enliven-Appoints-Tim-Harms-CEO.html,globenewswire.com,Prepares for Significant Growth in 2022 as it Creates Unique Value for Clients...,"NASHVILLE, Tenn., Feb. 23, 2022 (GLOBE NEWSWIRE) -- Enliven, the nation's leading beverage partnership consulting firm, today announces the appointment of Tim Harms as the company's new Chief Executive Officer. Bringing distinctive leadership and experience to the helm, Mr. Harms is set to lead the company as it expands into new areas of strategic growth. Mr. Harms succeeds Tim Richardson, Founder and current Chief Executive Officer who will transition to Chair of the Board. Mr. Harms is a seasoned executive with more than a decade of senior leadership in the consulting and beverage industries.",globenewswire.com,610,news,US,en,['Enliven'],https://ml.globenewswire.com/Resource/Download/f3840fd7-693c-4bbd-97a2-2b0a8a90f7ef?size=1,False,globenewswire,9.293315,a00b4374b557a7c7bbca3845b9cae9f6,"{'q': 'Vertical Aerospace OR Joby Aviation', 'lang': 'en', 'to_rank': 1000, 'topic': '', 'page_size': 100, 'page': 1}"
38,Guidehouse Insights Estimates Charging Facilities Revenue for the Electric Aircraft Market to Surpass $5 Billion by 2035,,2022-02-22 12:00:00,timezone unknown,https://markets.businessinsider.com/news/stocks/guidehouse-insights-estimates-charging-facilities-revenue-for-the-electric-aircraft-market-to-surpass-5-billion-by-2035-1031214991,businessinsider.com,"BOULDER, Colo., Feb. 22, 2022 /PRNewswire/ -- A new report from Guidehouse Insights examines the global market for airport and vertiport infrastru...","BOULDER, Colo., Feb. 22, 2022 /PRNewswire/ -- A new report from Guidehouse Insights examines the global market for airport and vertiport infrastructures required for electric vertical takeoff and landing (eVTOL) aircraft and electric aircraft (EA). The report also analyzes market issues, including business cases, opportunities, and implementation challenges, associated with airport infrastructure. Airlines want to reduce their largest operating expense, fuel, and still provide safe and efficient flights that reduce CO2 emissions.",,110,news,US,en,[],https://mma.prnewswire.com/media/1653427/Guidehouse_Insights_Logo.jpg,False,,9.051457,cd018ccbd74902cfebebe429d3de7cec,"{'q': 'Vertical Aerospace OR Joby Aviation', 'lang': 'en', 'to_rank': 1000, 'topic': '', 'page_size': 100, 'page': 1}"
39,Guidehouse Insights Estimates Charging Facilities Revenue for the Electric Aircraft Market to Surpass $5 Billion by 2035,Guidehouse Insights,2022-02-22 10:15:00,full,https://www.prnewswire.com/news-releases/guidehouse-insights-estimates-charging-facilities-revenue-for-the-electric-aircraft-market-to-surpass-5-billion-by-2035-301485548.html,prnewswire.com,/PRNewswire/ -- A new report from Guidehouse Insights examines the global market for airport and vertiport infrastructures required for electric vertical...,"BOULDER, Colo., Feb. 22, 2022 /PRNewswire/ -- A new report from Guidehouse Insights examines the global market for airport and vertiport infrastructures required for electric vertical takeoff and landing (eVTOL) aircraft and electric aircraft (EA). The report also analyzes market issues, including business cases, opportunities, and implementation challenges, associated with airport infrastructure. 
Airlines want to reduce their largest operating expense, fuel, and still provide safe and efficient flights that reduce CO2 emissions.",prnewswire.com,216,news,US,en,['Guidehouse Insights'],https://mma.prnewswire.com/media/1653427/Guidehouse_Insights_Logo.jpg?p=facebook,False,@PRNewswire,9.036889,85281bcfc743c74f90d494d3eb44565f,"{'q': 'Vertical Aerospace OR Joby Aviation', 'lang': 'en', 'to_rank': 1000, 'topic': '', 'page_size': 100, 'page': 1}"
40,SP Plus Corporation Announces Fourth Quarter and Full-Year 2021 Results,Sp Plus Corporation,2022-02-23 21:45:00,timezone unknown,https://finance.yahoo.com/news/sp-plus-corporation-announces-fourth-212300954.html,yahoo.com,,"SP Plus Corporation

- Strong Fourth Quarter Caps a Year of Substantial Growth

- Sphere™ Technology Solutions Continue to be a Point of Differentiation

- Full-Year 2022 Guidance Indicates Operating Performance Near Pre-Pandemic 2019 Levels

CHICAGO, Feb. 23, 2022 (GLOBE NEWSWIRE) -- SP Plus Corporation (Nasdaq:SP), a leading provider of technology-driven mobility solutions for aviation, commercial, hospitality and institutional clients throughout North America, today announced its fourth quarter and full-year 2021 results.",yahoo.com,30,news,US,en,['Sp Plus Corporation'],https://s.yimg.com/ny/api/res/1.2/SntWz6caKiiBHUTKz_QQUg--/YXBwaWQ9aGlnaGxhbmRlcjt3PTEyMDA7aD05Njk-/https://s.yimg.com/uu/api/res/1.2/5I73lJ0QrqZrBVGcisHqhg--~B/aD0xMTc2O3c9MTQ1NzthcHBpZD15dGFjaHlvbg--/https://media.zenfs.com/en/globenewswire.com/a9793a97374601d3c60f74d3d74b816c,False,,8.85285,5392a49b141b84ea7b8ae5bdaece6922,"{'q': 'Vertical Aerospace OR Joby Aviation', 'lang': 'en', 'to_rank': 1000, 'topic': '', 'page_size': 100, 'page': 1}"
41,Guidehouse Insights Estimates Charging Facilities Revenue for the Electric Aircraft Market to Surpass $5 Billion by 2035,,2022-02-22 10:15:00,full,https://finance.yahoo.com/news/guidehouse-insights-estimates-charging-facilities-101500906.html,yahoo.com,Fears of a Russian invasion of Ukraine are keeping investors on edge. Russian President Vladimir Putin on Monday said he would recognize the independence of two Russian-led breakaway regions in…,"Market challenges include charging technology standardization, charging facility locations, electrical capacity, and financial constraints

BOULDER, Colo., Feb. 22, 2022 /PRNewswire/ -- A new report from Guidehouse Insights examines the global market for airport and vertiport infrastructures required for electric vertical takeoff and landing (eVTOL) aircraft and electric aircraft (EA). The report also analyzes market issues, including business cases, opportunities, and implementation challenges, associated with airport infrastructure.",yahoo.com,30,news,US,en,[],https://s.yimg.com/uu/api/res/1.2/LJIVt9Bh606I9oOYMjvRHw--~B/aD0xMTk7dz00MDA7YXBwaWQ9eXRhY2h5b24-/https://media.zenfs.com/en/prnewswire.com/11b5af4a1808bd4aef98c1f0624abfd5,False,,8.592577,4bad981f816e819be54ce941dce710c8,"{'q': 'Vertical Aerospace OR Joby Aviation', 'lang': 'en', 'to_rank': 1000, 'topic': '', 'page_size': 100, 'page': 1}"
42,Nuclear Medicine Market Report Up to 2031: Visiongain Research Inc,Visiongain Ltd,2022-02-22 00:00:00,date,https://www.globenewswire.com/news-release/2022/02/22/2389524/0/en/Nuclear-Medicine-Market-Report-Up-to-2031-Visiongain-Research-Inc.html,globenewswire.com,"Visiongain has published a new report on Nuclear Medicine Market Report 2021-2031: Forecasts by Type (Diagnostic (SPECT - Technetium, PET- F-18), by...","Visiongain has published a new report on Nuclear Medicine Market Report 2021-2031: Forecasts by Type (Diagnostic (SPECT - Technetium, PET- F-18), by Therapeutic (Beta Emitters – I-131, Alpha Emitters, Brachytherapy – Y-90)), by Application (Oncology, Cardiology). PLUS, Profiles of Leading Pharma Contract Manufacturing Companies and Regional and Leading National Market Analysis. PLUS, COVID-19 Recovery Scenarios. Nuclear medicine/ radio-pharmaceuticals are radioactive compounds administered to the patient and monitored via specific imaging devices for diagnosis and therapeutic purposes.",globenewswire.com,610,news,US,en,['Visiongain Ltd'],https://ml-eu.globenewswire.com/Resource/Download/6bdb779b-409b-453a-a1ac-5548f5b2a98e?size=1,False,globenewswire,8.156991,9cbf361fea0fc16b62f955c77bc0db36,"{'q': 'Vertical Aerospace OR Joby Aviation', 'lang': 'en', 'to_rank': 1000, 'topic': '', 'page_size': 100, 'page': 1}"
43,Track and Trace Solutions Market Report Up to 2031: Visiongain Research Inc,Visiongain Ltd,2022-02-22 00:00:00,date,https://www.globenewswire.com/news-release/2022/02/22/2389402/0/en/Track-and-Trace-Solutions-Market-Report-Up-to-2031-Visiongain-Research-Inc.html,globenewswire.com,"Visiongain has published a new report on Track and Trace Solutions Market Report 2021-2031: Forecasts by Product (Plant Manager, Checkweighers, Barcode...","Visiongain has published a new report on Track and Trace Solutions Market Report 2021-2031: Forecasts by Product (Plant Manager, Checkweighers, Barcode Scanner, Verification) Technology (2D Barcode, RFID) Application (Serialization, Aggregations, Reporting), End User (Pharmaceutical, Medical Devices). PLUS, Profiles of Leading Track and Trace Product Manufacturing Companies and Regional and Leading National Market Analysis. PLUS, COVID-19 Recovery Scenarios. Download Exclusive Sample of Report @ https://www.",globenewswire.com,610,news,US,en,['Visiongain Ltd'],https://ml-eu.globenewswire.com/Resource/Download/6bdb779b-409b-453a-a1ac-5548f5b2a98e?size=1,False,globenewswire,8.150493,4414a09b38896f444d6096edc2517333,"{'q': 'Vertical Aerospace OR Joby Aviation', 'lang': 'en', 'to_rank': 1000, 'topic': '', 'page_size': 100, 'page': 1}"
44,Stable Isotope Labelled Compounds Market Report Up to 2031: Visiongain Research Inc,Visiongain Ltd,2022-02-23 00:00:00,date,https://www.globenewswire.com/news-release/2022/02/23/2390530/0/en/Stable-Isotope-Labelled-Compounds-Market-Report-Up-to-2031-Visiongain-Research-Inc.html,globenewswire.com,"Visiongain has published a new report on Stable Isotope Labelled Compounds Market Report 2021-2031: Forecasts by Type (Carbon 13, D, Oxygen 18, N15),...","Visiongain has published a new report on Stable Isotope Labelled Compounds Market Report 2021-2031: Forecasts by Type (Carbon 13, D, Oxygen 18, N15), Application (Research, Clinical Diagnostics, Industrial), End User (Pharmaceutical & Biopharmaceutical Companies, Academic institute). PLUS, Profiles of Leading Pharma Contract Manufacturing Companies and Regional and Leading National Market Analysis. PLUS, COVID-19 Recovery Scenarios. Download Exclusive Sample of Report @ https://www.visiongain.com/report/stable-isotope-labelled-compounds-market-2021/#download_sampe_div The growth of this market is driven predominantly by the upsurge in research activities in the pharmaceutical and biotechnology sector, rising proteomics research, and the increasing pervasiveness of cancer.",globenewswire.com,610,news,US,en,['Visiongain Ltd'],https://ml-eu.globenewswire.com/Resource/Download/6bdb779b-409b-453a-a1ac-5548f5b2a98e?size=1,False,globenewswire,8.1270275,904a8047dcedfd460359329fd14993f4,"{'q': 'Vertical Aerospace OR Joby Aviation', 'lang': 'en', 'to_rank': 1000, 'topic': '', 'page_size': 100, 'page': 1}"
45,Nuclear Medicine Market Report Up to 2031: Visiongain Research Inc,Visiongain Ltd,2022-02-22 15:00:00,timezone unknown,https://finance.yahoo.com/news/nuclear-medicine-market-report-2031-143000654.html,yahoo.com,The pharmaceutical companies said Enhertu demonstrated meaningful survival improvement in patients with breast cancer compared with physician's choice of chemotherapy.,"Visiongain Ltd

Visiongain has published a new report on Nuclear Medicine Market Report 2021-2031: Forecasts by Type (Diagnostic (SPECT - Technetium, PET- F-18), by Therapeutic (Beta Emitters – I-131, Alpha Emitters, Brachytherapy – Y-90)), by Application (Oncology, Cardiology). PLUS, Profiles of Leading Pharma Contract Manufacturing Companies and Regional and Leading National Market Analysis. PLUS, COVID-19 Recovery Scenarios.

Nuclear medicine/ radio-pharmaceuticals are radioactive compounds administered to the patient and monitored via specific imaging devices for diagnosis and therapeutic purposes.",yahoo.com,30,news,US,en,['Visiongain Ltd'],https://s.yimg.com/ny/api/res/1.2/7Pqz.U5DstHYCzbhOdwv0w--/YXBwaWQ9aGlnaGxhbmRlcjt3PTEyMDA7aD00ODY-/https://s.yimg.com/uu/api/res/1.2/2oYLuvKbATL1e1pbHoc8ew--~B/aD04NzA7dz0yMTQ5O2FwcGlkPXl0YWNoeW9u/https://media.zenfs.com/en/globenewswire.com/4525b4ad5ff84622581f99a9a2ed1a34,False,,7.7649446,9ef5bb65db77a14abf0fefeaa1134bef,"{'q': 'Vertical Aerospace OR Joby Aviation', 'lang': 'en', 'to_rank': 1000, 'topic': '', 'page_size': 100, 'page': 1}"
46,Cholesterol Lowering Drugs Market Report Up to 2031: Visiongain Research Inc,Visiongain Ltd,2022-02-24 14:45:00,timezone unknown,https://www.globenewswire.com/news-release/2022/02/24/2391585/0/en/Cholesterol-Lowering-Drugs-Market-Report-Up-to-2031-Visiongain-Research-Inc.html,globenewswire.com,"Visiongain has published a new report on Cholesterol Lowering Drugs Market Report 2021-2031: Forecasts by Drug Class (Statins and Fixed-Dose Combinations,...","Visiongain has published a new report on Cholesterol Lowering Drugs Market Report 2021-2031: Forecasts by Drug Class (Statins and Fixed-Dose Combinations, Cholesterol Absorption Inhibitors, Ion Exchange Resins, Fibrates, PCSK9 Inhibitors, Novel Cholesterol-Lowering Drugs, Bile Acid Sequestrants and others), by Indication (Hypercholesterolemia, Coronary Artery Disease, Higher Triglycerides), by Drug Type (Generic drugs and Branded drugs), by Route of Administration (Oral, Parenteral and Others), by End-User (Hospitals, Homecare, Specialty Clinics and Others), by Distribution Channel (Hospital Pharmacy, Retail pharmacy, Ecommerce and Others) PLUS Profiles of Leading Manufacturing Companies and Regional and Leading National Market Analysis.",globenewswire.com,610,news,US,en,['Visiongain Ltd'],https://ml-eu.globenewswire.com/Resource/Download/6bdb779b-409b-453a-a1ac-5548f5b2a98e?size=1,False,globenewswire,7.7473717,8629cb8a1cdbab41d30b5c195d7a4f51,"{'q': 'Vertical Aerospace OR Joby Aviation', 'lang': 'en', 'to_rank': 1000, 'topic': '', 'page_size': 100, 'page': 1}"
47,Cholesterol Lowering Drugs Market Report Up to 2031: Visiongain Research Inc,Visiongain Ltd,2022-02-24 15:00:00,timezone unknown,https://finance.yahoo.com/news/cholesterol-lowering-drugs-market-report-142600483.html,yahoo.com,American City Business JournalsThe company still has a quartet of late-stage trials with the drug in various eye diseases and more than $700 million in cash.,"Visiongain Ltd

Visiongain has published a new report on Cholesterol Lowering Drugs Market Report 2021-2031: Forecasts by Drug Class (Statins and Fixed-Dose Combinations, Cholesterol Absorption Inhibitors, Ion Exchange Resins, Fibrates, PCSK9 Inhibitors, Novel Cholesterol-Lowering Drugs, Bile Acid Sequestrants and others), by Indication (Hypercholesterolemia, Coronary Artery Disease, Higher Triglycerides), by Drug Type (Generic drugs and Branded drugs), by Route of Administration (Oral, Parenteral and Others), by End-User (Hospitals, Homecare, Specialty Clinics and Others), by Distribution Channel (Hospital Pharmacy, Retail pharmacy, Ecommerce and Others) PLUS Profiles of Leading Manufacturing Companies and Regional and Leading National Market Analysis.",yahoo.com,30,news,US,en,['Visiongain Ltd'],https://s.yimg.com/ny/api/res/1.2/7Pqz.U5DstHYCzbhOdwv0w--/YXBwaWQ9aGlnaGxhbmRlcjt3PTEyMDA7aD00ODY-/https://s.yimg.com/uu/api/res/1.2/2oYLuvKbATL1e1pbHoc8ew--~B/aD04NzA7dz0yMTQ5O2FwcGlkPXl0YWNoeW9u/https://media.zenfs.com/en/globenewswire.com/4525b4ad5ff84622581f99a9a2ed1a34,False,,7.442955,ccbfed01941a79b8c0b5a03de4b58e3a,"{'q': 'Vertical Aerospace OR Joby Aviation', 'lang': 'en', 'to_rank': 1000, 'topic': '', 'page_size': 100, 'page': 1}"
48,Plasma Fractionation Market Report Up to 2031: Visiongain Research Inc,Visiongain Ltd,2022-02-23 15:30:00,full,https://www.globenewswire.com/news-release/2022/02/23/2390562/0/en/Plasma-Fractionation-Market-Report-Up-to-2031-Visiongain-Research-Inc.html,globenewswire.com,"Visiongain has published a new report on Plasma Fractionation Market Report 2021-2031: Forecasts by Product (IVIG, Albumin, Factor VIII, von Willebrand...","Visiongain has published a new report on Plasma Fractionation Market Report 2021-2031: Forecasts by Product (IVIG, Albumin, Factor VIII, von Willebrand Factor, PCC, Protease Inhibitor), Application (Immunology, Haematology, Critical Care, Rheumatology, Pulmonology), End User (Hospitals & Clinics). PLUS, Profiles of Leading Pharma Contract Manufacturing Companies and Regional and Leading National Market Analysis. PLUS, COVID-19 Recovery Scenarios. Download Exclusive Sample of Report @ https://www.",globenewswire.com,610,science,US,en,['Visiongain Ltd'],https://ml-eu.globenewswire.com/Resource/Download/6bdb779b-409b-453a-a1ac-5548f5b2a98e?size=1,False,globenewswire,7.417981,2b43743e6b7a316afbe755944cb00754,"{'q': 'Vertical Aerospace OR Joby Aviation', 'lang': 'en', 'to_rank': 1000, 'topic': '', 'page_size': 100, 'page': 1}"
49,Controlled Substance Market Report Up to 2031: Visiongain Research Inc,Visiongain Ltd,2022-02-21 00:00:00,date,https://www.globenewswire.com/news-release/2022/02/21/2388663/0/en/Controlled-Substance-Market-Report-Up-to-2031-Visiongain-Research-Inc.html,globenewswire.com,"Visiongain has published a new report on Controlled Substance Market Report 2021-2031: Forecasts by Drug (Opioids, Stimulants, Depressants, and...","Visiongain has published a new report on Controlled Substance Market Report 2021-2031: Forecasts by Drug (Opioids, Stimulants, Depressants, and Cannabinoids), by Application (Attention-Deficit/Hyperactivity Disorder (ADHD), Pain Management, Depression, Sleep Disorder, Cough Suppression, Anxiety, Seizure, and Others), by Drug Type (Generic Drugs, and Branded Drugs), by Patient Demographics (Geriatric Patient, Adult Patient, and Pediatric), by End User (Hospitals, Homecare, Specialty Clinics, and Others), by Distribution Channel (Institutional Sale, and Retail Sales) PLUS Profiles of Leading Manufacturing Companies and Regional and Leading National Market Analysis.",globenewswire.com,610,news,US,en,['Visiongain Ltd'],https://ml-eu.globenewswire.com/Resource/Download/6bdb779b-409b-453a-a1ac-5548f5b2a98e?size=1,False,globenewswire,7.4142137,1f31a410a4204c13496e999bbb3e50ef,"{'q': 'Vertical Aerospace OR Joby Aviation', 'lang': 'en', 'to_rank': 1000, 'topic': '', 'page_size': 100, 'page': 1}"
50,Plasma Fractionation Market Report Up to 2031: Visiongain Research Inc,Visiongain Ltd,2022-02-23 16:00:00,timezone unknown,https://finance.yahoo.com/news/plasma-fractionation-market-report-2031-153000035.html,yahoo.com,"Visiongain has published a new report on Plasma Fractionation Market Report 2021-2031: Forecasts by Product (IVIG, Albumin, Factor VIII, von Willebrand Factor, PCC, Protease Inhibitor), Application…","Visiongain Ltd

Visiongain has published a new report on Plasma Fractionation Market Report 2021-2031: Forecasts by Product (IVIG, Albumin, Factor VIII, von Willebrand Factor, PCC, Protease Inhibitor), Application (Immunology, Haematology, Critical Care, Rheumatology, Pulmonology), End User (Hospitals & Clinics). PLUS, Profiles of Leading Pharma Contract Manufacturing Companies and Regional and Leading National Market Analysis. PLUS, COVID-19 Recovery Scenarios.

Download Exclusive Sample of Report @ https://www.",yahoo.com,30,news,US,en,['Visiongain Ltd'],https://s.yimg.com/ny/api/res/1.2/7Pqz.U5DstHYCzbhOdwv0w--/YXBwaWQ9aGlnaGxhbmRlcjt3PTEyMDA7aD00ODY-/https://s.yimg.com/uu/api/res/1.2/2oYLuvKbATL1e1pbHoc8ew--~B/aD04NzA7dz0yMTQ5O2FwcGlkPXl0YWNoeW9u/https://media.zenfs.com/en/globenewswire.com/4525b4ad5ff84622581f99a9a2ed1a34,False,,7.149761,3c1d3985c45ee7a10ed0ad225d49db25,"{'q': 'Vertical Aerospace OR Joby Aviation', 'lang': 'en', 'to_rank': 1000, 'topic': '', 'page_size': 100, 'page': 1}"
51,Controlled Substance Market Report Up to 2031: Visiongain Research Inc,Visiongain Ltd,2022-02-21 14:30:00,timezone unknown,https://finance.yahoo.com/news/controlled-substance-market-report-2031-140000956.html,yahoo.com,,"Visiongain Ltd

Visiongain has published a new report on Controlled Substance Market Report 2021-2031: Forecasts by Drug (Opioids, Stimulants, Depressants, and Cannabinoids), by Application (Attention-Deficit/Hyperactivity Disorder (ADHD), Pain Management, Depression, Sleep Disorder, Cough Suppression, Anxiety, Seizure, and Others), by Drug Type (Generic Drugs, and Branded Drugs), by Patient Demographics (Geriatric Patient, Adult Patient, and Pediatric), by End User (Hospitals, Homecare, Specialty Clinics, and Others), by Distribution Channel (Institutional Sale, and Retail Sales) PLUS Profiles of Leading Manufacturing Companies and Regional and Leading National Market Analysis.",yahoo.com,30,news,US,en,['Visiongain Ltd'],https://s.yimg.com/ny/api/res/1.2/7Pqz.U5DstHYCzbhOdwv0w--/YXBwaWQ9aGlnaGxhbmRlcjt3PTEyMDA7aD00ODY-/https://s.yimg.com/uu/api/res/1.2/2oYLuvKbATL1e1pbHoc8ew--~B/aD04NzA7dz0yMTQ5O2FwcGlkPXl0YWNoeW9u/https://media.zenfs.com/en/globenewswire.com/4525b4ad5ff84622581f99a9a2ed1a34,False,,7.1275635,d6447b46b38150da440a2cc3c244d5cd,"{'q': 'Vertical Aerospace OR Joby Aviation', 'lang': 'en', 'to_rank': 1000, 'topic': '', 'page_size': 100, 'page': 1}"
52,3D Cell Culture and 3D Bioprinting Market Report Up to 2032: Visiongain Research Inc,Visiongain Ltd,2022-02-17 00:00:00,date,https://www.globenewswire.com/news-release/2022/02/17/2387374/0/en/3D-Cell-Culture-and-3D-Bioprinting-Market-Report-Up-to-2032-Visiongain-Research-Inc.html,globenewswire.com,"Visiongain has launched a new report 3D Cell Culture and 3D Bioprinting Market Report 2022-2032: Forecasts by Technology (Scaffold-Based, Scaffold-Free,...","Visiongain has launched a new report 3D Cell Culture and 3D Bioprinting Market Report 2022-2032: Forecasts by Technology (Scaffold-Based, Scaffold-Free, Microfluidics-based, Magnetic Levitation, 3D Bioprinting, Others), by Application (Cancer and Stem Cell Research, Drug Discovery and Toxicology Testing, Tissue Engineering and Regenerative Medicine), by End-user (Pharmaceutical & Biotechnology Companies, Academic Institutes, Research Laboratories, Others) AND Regional and Leading National Market Analysis PLUS Analysis of Leading Companies AND COVID-19 Recovery Scenarios.",globenewswire.com,610,news,US,en,['Visiongain Ltd'],https://ml-eu.globenewswire.com/Resource/Download/6bdb779b-409b-453a-a1ac-5548f5b2a98e?size=1,False,globenewswire,7.101004,fd224f84d96a2d142fe1b936ac6ce34b,"{'q': 'Vertical Aerospace OR Joby Aviation', 'lang': 'en', 'to_rank': 1000, 'topic': '', 'page_size': 100, 'page': 1}"
53,Brookfield Renewable Announces Participation in Consortium Proposal for AGL Energy Limited,Brookfield Renewable Partners L.P.,2022-02-21 02:03:00,full,https://www.globenewswire.com/news-release/2022/02/21/2388303/0/en/Brookfield-Renewable-Announces-Participation-in-Consortium-Proposal-for-AGL-Energy-Limited.html,globenewswire.com,"BROOKFIELD, News, Feb. 20, 2022 (GLOBE NEWSWIRE) -- Brookfield Renewable (NYSE: BEP, BEPC; TSX: BEP.UN, BEPC) together with its institutional partners...","BROOKFIELD, News, Feb. 20, 2022 (GLOBE NEWSWIRE) -- Brookfield Renewable (NYSE: BEP, BEPC; TSX: BEP.UN, BEPC) together with its institutional partners and GROK Ventures (collectively, the 'Consortium') announced today its participation in a privatization proposal in respect of AGL Energy Limited ('AGL' or the 'Company'), the largest integrated power generation and energy retailer in Australia. The Consortium's proposal which is subject to due diligence as well as other conditions, is at a price of A$7.",globenewswire.com,610,business,US,en,['Brookfield Renewable Partners L.P.'],https://ml.globenewswire.com/Resource/Download/6d05e938-7d55-480f-a4b8-de276c0479ac?size=1,False,globenewswire,6.8587613,9f03cc627dd1c737cb4db90777a29bb3,"{'q': 'Vertical Aerospace OR Joby Aviation', 'lang': 'en', 'to_rank': 1000, 'topic': '', 'page_size': 100, 'page': 1}"
54,3D Cell Culture and 3D Bioprinting Market Report Up to 2032: Visiongain Research Inc,Visiongain Ltd,2022-02-17 16:15:00,timezone unknown,https://finance.yahoo.com/news/3d-cell-culture-3d-bioprinting-153000922.html,yahoo.com,"Visiongain has launched a new report 3D Cell Culture and 3D Bioprinting Market Report 2022-2032: Forecasts by Technology (Scaffold-Based, Scaffold-Free, Microfluidics-based, Magnetic Levitation, 3D…","Visiongain Ltd

Visiongain has launched a new report 3D Cell Culture and 3D Bioprinting Market Report 2022-2032: Forecasts by Technology (Scaffold-Based, Scaffold-Free, Microfluidics-based, Magnetic Levitation, 3D Bioprinting, Others), by Application (Cancer and Stem Cell Research, Drug Discovery and Toxicology Testing, Tissue Engineering and Regenerative Medicine), by End-user (Pharmaceutical & Biotechnology Companies, Academic Institutes, Research Laboratories, Others) AND Regional and Leading National Market Analysis PLUS Analysis of Leading Companies AND COVID-19 Recovery Scenarios.",yahoo.com,30,news,US,en,['Visiongain Ltd'],https://s.yimg.com/ny/api/res/1.2/7Pqz.U5DstHYCzbhOdwv0w--/YXBwaWQ9aGlnaGxhbmRlcjt3PTEyMDA7aD00ODY-/https://s.yimg.com/uu/api/res/1.2/2oYLuvKbATL1e1pbHoc8ew--~B/aD04NzA7dz0yMTQ5O2FwcGlkPXl0YWNoeW9u/https://media.zenfs.com/en/globenewswire.com/4525b4ad5ff84622581f99a9a2ed1a34,False,,6.836998,de413808ea5a4fa7e7ecc3b33fd502e8,"{'q': 'Vertical Aerospace OR Joby Aviation', 'lang': 'en', 'to_rank': 1000, 'topic': '', 'page_size': 100, 'page': 1}"
55,Cathie Wood Loads Up on These 3 Stocks With Triple-Digit Upside,Michael Marcus,2022-02-22 10:04:00,timezone unknown,https://www.nasdaq.com/articles/cathie-wood-loads-up-on-these-3-stocks-with-triple-digit-upside,nasdaq.com,Few big investors have generated as much controversy lately as Cathie Wood. A woman in a male-domina,"Few big investors have generated as much controversy lately as Cathie Wood. A woman in a male-dominated field, Wood made her name by turning her flagship investment fund, ARK, into a multi-billion dollar giant – with high returns and plenty of glowing headlines while she did so.

It's no secret that her fund has hit hard times. Wood went heavily into tech while building it up, and tech has been hurt badly in the market's recent turndown. However, Wood reiterates her belief in disruptive tech stocks and their long-term potential, saying: 'We do believe innovation is in the bargain basement territory.",nasdaq.com,870,news,US,en,['Michael Marcus'],https://www.nasdaq.com/sites/acquia.prod/files/2019-05/0902-Q19%20Total%20Markets%20photos%20and%20gif_CC8.jpg?1194323083,False,@Nasdaq,6.836051,919756ef0a3de171b8c0ad36a2be27c8,"{'q': 'Vertical Aerospace OR Joby Aviation', 'lang': 'en', 'to_rank': 1000, 'topic': '', 'page_size': 100, 'page': 1}"
56,"At 7.1% CAGR, Infectious Disease Diagnostics Market Size to hit 47.70 Billion by 2028 Says Brandessence Market Research",Brandessence Market Research And Consulting Private Limited,2022-02-21 12:40:00,full,https://www.prnewswire.com/news-releases/at-7-1-cagr-infectious-disease-diagnostics-market-size-to-hit-47-70-billion-by-2028-says-brandessence-market-research-301486406.html,prnewswire.com,"/PRNewswire/ -- According to Brandessence Market Research, the Infectious Disease Diagnostics Market size reached USD 29.41 Billion in 2021. The Infectious...","LONDON, Feb. 21, 2022 /PRNewswire/ -- According to Brandessence Market Research, the Infectious Disease Diagnostics Market size reached USD 29.41 Billion in 2021. The Infectious Disease Diagnostics market size is likely to grow at 7.1% CAGR during 2021-2028 to reach 47.70 Billion by 2028 end. 
Increasing prevalence of infectious diseases, a growing number of funding for research on infectious disease diagnostics, rising demand for point of care diagnostics test as well as an increasing number of medical laboratories for infectious disease diagnostics testing are driving the growth of Global Infectious Disease Diagnostics market.",prnewswire.com,216,news,US,en,['Brandessence Market Research And Consulting Private Limited'],https://mma.prnewswire.com/media/1392316/BEMR_Logo.jpg?p=facebook,False,@PRNewswire,6.835133,e8c1ca267bd30308096120a36ef424f0,"{'q': 'Vertical Aerospace OR Joby Aviation', 'lang': 'en', 'to_rank': 1000, 'topic': '', 'page_size': 100, 'page': 1}"
57,Brookfield Renewable Announces Participation in Consortium Proposal for AGL Energy Limited,Brookfield Renewable Partners L.P.,2022-02-21 02:30:00,timezone unknown,https://ca.finance.yahoo.com/news/brookfield-renewable-announces-participation-consortium-020300679.html,yahoo.com,"BROOKFIELD, News, Feb. 20, 2022 (GLOBE NEWSWIRE) -- Brookfield Renewable (NYSE: BEP, BEPC; TSX: BEP.UN, BEPC) together with its institutional partners and GROK Ventures (collectively, the…","Brookfield Renewable Partners L.P.

BROOKFIELD, News, Feb. 20, 2022 (GLOBE NEWSWIRE) -- Brookfield Renewable (NYSE: BEP, BEPC; TSX: BEP.UN, BEPC) together with its institutional partners and GROK Ventures (collectively, the 'Consortium') announced today its participation in a privatization proposal in respect of AGL Energy Limited ('AGL' or the 'Company'), the largest integrated power generation and energy retailer in Australia. The Consortium's proposal which is subject to due diligence as well as other conditions, is at a price of A$7.",yahoo.com,30,news,US,en,['Brookfield Renewable Partners L.P.'],https://s.yimg.com/uu/api/res/1.2/T0n3j6rcJioJWEVMEvxdBA--~B/aD02OTt3PTM3MzthcHBpZD15dGFjaHlvbg--/https://media.zenfs.com/en/globenewswire.com/6caa99bcdea88ee4ae8c32fbf371757b,False,,6.611142,aaec12be89c3681f39e468baff30d4b2,"{'q': 'Vertical Aerospace OR Joby Aviation', 'lang': 'en', 'to_rank': 1000, 'topic': '', 'page_size': 100, 'page': 1}"
58,"At 13.4% CAGR, Automotive Sensors Market size to hit USD 51.69 Billion by 2028, Says Brandessence Market Research",Brandessence Market Research And Consulting Private Limited,2022-02-17 13:28:00,full,https://www.prnewswire.com/news-releases/at-13-4-cagr-automotive-sensors-market-size-to-hit-usd-51-69-billion-by-2028--says-brandessence-market-research-301484868.html,prnewswire.com,"/PRNewswire/ -- According to Brandessence Market Research, ""The Global Automotive Sensors Market in terms of revenue was worth of USD 21.43 Billion in 2021 and...","LONDON, Feb. 17, 2022 /PRNewswire/ -- According to Brandessence Market Research, ""The Global Automotive Sensors Market in terms of revenue was worth of USD 21.43 Billion in 2021 and is Projected to reach USD 51.69 Billion in 2028, growing at a CAGR of 13.4% from 2021 to 2028""
Key Players of Global Automotive Sensors Market:
BorgWarner, Inc., Sensata Technologies, Allegro Microsystems, Inc., Analog Devices, Inc., Robert Bosch GmbH, Continental AG, DENSO Corporation, Infineon Technologies AG, ELMOS Semiconductor SE, STMicroelectronics N.",prnewswire.com,216,news,US,en,['Brandessence Market Research And Consulting Private Limited'],https://mma.prnewswire.com/media/1392316/BEMR_Logo.jpg?p=facebook,False,@PRNewswire,6.369606,cf9a6e369a7a5d043f4f9a25509fec33,"{'q': 'Vertical Aerospace OR Joby Aviation', 'lang': 'en', 'to_rank': 1000, 'topic': '', 'page_size': 100, 'page': 1}"
59,Hospital Bed Market Research Report Up to 2032: Visiongain Research Inc,Visiongain Ltd,2022-02-17 15:15:00,timezone unknown,https://www.globenewswire.com/news-release/2022/02/17/2387328/0/en/Hospital-Bed-Market-Research-Report-Up-to-2032-Visiongain-Research-Inc.html,globenewswire.com,"Visiongain has published a new report entitled the Hospital Bed Market Report 2022-2032: Forecasts by Application (Non Intensive Care Beds, Intensive Care...","Visiongain has published a new report entitled the Hospital Bed Market Report 2022-2032: Forecasts by Application (Non Intensive Care Beds, Intensive Care Beds), by Type (Manual, Semi-Electric, Electric), by Hospital Type (Publicly Owned, Not-for-Profit, Privately Owned, For-Profit), by Type of Care (Curative, Rehabilitative, Long Term, Psychiatric, Maternity), by End-user (Hospitals, Home Care, Settings, Elderly, Facilities) AND Regional and Leading National Market Analysis PLUS Analysis of Leading Companies AND COVID-19 Recovery Scenarios.",globenewswire.com,610,news,US,en,['Visiongain Ltd'],https://ml-eu.globenewswire.com/Resource/Download/6bdb779b-409b-453a-a1ac-5548f5b2a98e?size=1,False,globenewswire,6.3526464,9731fdab9a5029bce5d1c9a454d96cfa,"{'q': 'Vertical Aerospace OR Joby Aviation', 'lang': 'en', 'to_rank': 1000, 'topic': '', 'page_size': 100, 'page': 1}"
60,Airbus SE (EADSF) CEO Guillaume Faury on FY 2021 Results,,2022-02-18 04:31:06,full,https://seekingalpha.com/article/4488219-airbus-se-eadsf-ceo-guillaume-faury-on-fy-2021-results-earnings-call-transcript,seekingalpha.com,Airbus SE (OTCPK:EADSF) Q4 2021 Earnings Conference Call February 17 2021 1:30 AM ET Company Participants Guillaume Faury - Chief Executive Officer Dominik Asam - Chief Financial Officer...,"Airbus SE (OTCPK:EADSF) Q4 2021 Earnings Conference Call February 17, 2021 1:30 AM ET
Company Participants
Guillaume Faury - Chief Executive Officer 
Dominik Asam - Chief Financial Officer
Helene Le Gorgeu - Head of Investor Relations and Financial Communication
Conference Call Participants
Celine Fornaro - UBS Ltd.
Tristan Sanson - Exane BNP Paribas 
Benjamin Heelan - Bank of America, Merrill Lynch 
David Perry - JP Morgan
Neil Glynn - Credit Suisse
Milene Kerner - Barclays
Christophe Menard - Deutsche Bank
Robert Stallard - Vertical Research Partners
Andrew Humphrey - Morgan Stanley
Harry Breach - Stifel
Jeremy Bragg - Redburn
Operator
Ladies and gentlemen, thank you for standing by.",seekingalpha.com,951,finance,US,en,[],https://static.seekingalpha.com/assets/og_image_1200-29b2bfe1a595477db6826bd2126c63ac2091efb7ec76347a8e7f81ba17e3de6c.png,False,@SeekingAlpha,6.157884,fc7547a5d427bd77ee27cc3aa3a72dbf,"{'q': 'Vertical Aerospace OR Joby Aviation', 'lang': 'en', 'to_rank': 1000, 'topic': '', 'page_size': 100, 'page': 1}"
61,"Eastman Chemical: Do As Peter Lynch, Buy When Earnings Are Down",,2022-02-24 10:41:34,full,https://seekingalpha.com/article/4489842-eastman-chemical-stock-peter-lynch-buy-when-earnings-down,seekingalpha.com,I consider Eastman Chemical (EMN) a potential addition to a well-diversified portfolio. But check out at what price I'm willing to open a position in EMN stock.,"Bim/E+ via Getty Images Eastman Chemical Company (EMN) is a U.S.-based industrial company that manufactures a wide range of commodity and specialty plastics, chemicals and fibers. It was spun off from Eastman Kodak in 1994. As a company which sells most of its products to manufacturers of end user-related products, EMN is a highly cyclical company. The company generates its sales all over the world, with a slight emphasis on the U.S. and Canada: Own work, based on EMN's 2020 10-KThe company operations are managed and reported in four segments (pp.",seekingalpha.com,951,finance,US,en,[],https://static.seekingalpha.com/cdn/s3/uploads/getty_images/869302164/image_869302164.jpg?io=getty-c-w750,False,@SeekingAlpha,6.156896,ef8c494580916ab0fdaae4cdf4b908ee,"{'q': 'Vertical Aerospace OR Joby Aviation', 'lang': 'en', 'to_rank': 1000, 'topic': '', 'page_size': 100, 'page': 1}"
62,"Global Water Treatment Chemicals Market Size to hit USD 50.74 Billion by 2027, Rapidly Growing at 5.4% CAGR, Says Brandessence Market Research",Brandessence Market Research And Consulting Private Limited,2022-02-24 12:40:00,full,https://www.prnewswire.com/news-releases/global-water-treatment-chemicals-market-size-to-hit-usd-50-74-billion-by-2027--rapidly-growing-at-5-4-cagr--says-brandessence-market-research-301489569.html,prnewswire.com,"/PRNewswire/ -- According to Brandessence Market Research, The Global water treatment chemicals market size reached USD 35.12 Billion in 2020. Our analysts...","LONDON, Feb. 24, 2022 /PRNewswire/ -- According to Brandessence Market Research, The Global water treatment chemicals market size reached USD 35.12 Billion in 2020. Our analysts predict that the water treatment chemicals market size is set to grow at robust CAGR of 5.4% CAGR during the 2020-2027 periods, reaching a total of USD 50.74 Billion by 2027 end. The growing demands for end-use industries to protect high-tech equipment, optimize process, and maintain equipment remain key drivers of growth in the water treatment chemicals market.",prnewswire.com,216,news,US,en,['Brandessence Market Research And Consulting Private Limited'],https://mma.prnewswire.com/media/1392316/BEMR_Logo.jpg?p=facebook,False,@PRNewswire,6.141615,dc228b4fa1991caa3e6aa2e95ef8d284,"{'q': 'Vertical Aerospace OR Joby Aviation', 'lang': 'en', 'to_rank': 1000, 'topic': '', 'page_size': 100, 'page': 1}"
63,"Aerogel Market Size to Reach USD 1,759.7 Million in 2030",,2022-02-22 13:30:00,full,https://finance.yahoo.com/news/aerogel-market-size-reach-usd-133000175.html,yahoo.com,"VANCOUVER, BC, Feb. 22, 2022 /PRNewswire/ -- The global aerogel market size reached USD 703.0 Million in 2021 and is expected to register a CAGR of 10.8% during the forecast period, according to…","VANCOUVER, BC, Feb. 22, 2022 /PRNewswire/ -- The global aerogel market size reached USD 703.0 Million in 2021 and is expected to register a CAGR of 10.8% during the forecast period, according to latest analysis by Emergen Research. Increasing application of aerogels in various end-use industries such as construction, performance coatings, transportation, and others is a major factor expected to continue to drive global aerogel market revenue growth during the forecast period.

Emergen Research Logo

Drivers:

Aerogels are ideal substitutes for traditional insulation materials such as mineral wool, polyurethane foam, and rock wool.",yahoo.com,30,news,US,en,[],https://s.yimg.com/uu/api/res/1.2/Ji4t5xjeUwKlPnQ.GLC9AA--~B/aD0yMjU7dz00MDA7YXBwaWQ9eXRhY2h5b24-/https://media.zenfs.com/en/prnewswire.com/27e188228a4342d67208110ffd93df41,False,,6.139533,54ac73c8952deb8ec915f4faa85c50fc,"{'q': 'Vertical Aerospace OR Joby Aviation', 'lang': 'en', 'to_rank': 1000, 'topic': '', 'page_size': 100, 'page': 1}"
64,"At 13.4% CAGR, Automotive Sensors Market size to hit USD 51.69 Billion by 2028, Says Brandessence Market Research",,2022-02-17 13:28:00,full,https://finance.yahoo.com/news/13-4-cagr-automotive-sensors-132800468.html,yahoo.com,"LONDON, Feb. 17, 2022 /PRNewswire/ -- According to Brandessence Market Research, ""The Global Automotive Sensors Market in terms of revenue was worth of USD 21.43 Billion in 2021 and is Projected to…","LONDON, Feb. 17, 2022 /PRNewswire/ -- According to Brandessence Market Research, ""The Global Automotive Sensors Market in terms of revenue was worth of USD 21.43 Billion in 2021 and is Projected to reach USD 51.69 Billion in 2028, growing at a CAGR of 13.4% from 2021 to 2028""

BEMR_Logo

Key Players of Global Automotive Sensors Market:

BorgWarner, Inc., Sensata Technologies, Allegro Microsystems, Inc., Analog Devices, Inc., Robert Bosch GmbH, Continental AG, DENSO Corporation, Infineon Technologies AG, ELMOS Semiconductor SE, STMicroelectronics N.",yahoo.com,30,news,US,en,[],https://s.yimg.com/uu/api/res/1.2/L9_VT1b1M6tUoY1K1R9CQQ--~B/aD00MDA7dz00MDA7YXBwaWQ9eXRhY2h5b24-/https://media.zenfs.com/en/prnewswire.com/bba716814c7be5352d7890a3aee82864,False,,5.9672704,1fe05e58183e621ef04d1c49ce415ebd,"{'q': 'Vertical Aerospace OR Joby Aviation', 'lang': 'en', 'to_rank': 1000, 'topic': '', 'page_size': 100, 'page': 1}"
